{
	"format_version": "1.8.0",
	"animations": {
		"idle": {
			"loop": true
		},
		"workState": {
			"animation_length": 0.6667,
			"bones": {
				"Core": {
					"rotation": {
						"0.0": {
							"vector": [0, 0, 0]
						},
						"0.0833": {
							"vector": [0, 5, 0]
						},
						"0.1667": {
							"vector": [0, 0, -5]
						},
						"0.25": {
							"vector": [0, 0, 0.83]
						},
						"0.3333": {
							"vector": [-4.7972, 5.19485, 2.72781]
						},
						"0.4167": {
							"vector": [-4.29485, 4.88929, -0.30335]
						},
						"0.5": {
							"vector": [3.34359, 0.88125, 0.00063]
						},
						"0.5833": {
							"vector": [-3.3282, 0.44063, 0.00032]
						},
						"0.6667": {
							"vector": [0, 0, 0]
						}
					},
					"position": {
						"0.0": {
							"vector": [0, 0, 0]
						},
						"0.0833": {
							"vector": [-0.09, 1, 0]
						},
						"0.1667": {
							"vector": [0, 0, 0],
							"easing": "easeInBack"
						},
						"0.25": {
							"vector": [0, 1, 0],
							"easing": "easeInBack"
						},
						"0.3333": {
							"vector": [1, 1, 0],
							"easing": "easeInBack"
						},
						"0.4167": {
							"vector": [0, -1, 0],
							"easing": "easeOutBack"
						},
						"0.5": {
							"vector": [0, -1, 0],
							"easing": "easeOutBack"
						},
						"0.5833": {
							"vector": [0.5, 1, 0]
						},
						"0.6667": {
							"vector": [0, 0, 0],
							"easing": "easeInBack"
						}
					},
					"scale": {
						"0.0": {
							"vector": [1, 1, 1]
						},
						"0.0833": {
							"vector": [1, 1.1, 1]
						},
						"0.125": {
							"vector": [1, 0.8929, 1]
						},
						"0.1667": {
							"vector": [1, 1.0857, 1]
						},
						"0.2083": {
							"vector": [1, 0.9786, 1]
						},
						"0.25": {
							"vector": [1, 1.0805, 1]
						},
						"0.3333": {
							"vector": [1, 0.9644, 1]
						},
						"0.375": {
							"vector": [1, 0.8689, 1]
						},
						"0.4167": {
							"vector": [1, 0.9876, 1]
						},
						"0.5": {
							"vector": [1, 0.8917, 1]
						},
						"0.5417": {
							"vector": [1, 1.0188, 1]
						},
						"0.5833": {
							"vector": [1, 1.1125, 1]
						},
						"0.625": {
							"vector": [1, 1.0563, 1]
						},
						"0.6667": {
							"vector": [1, 1, 1]
						}
					}
				},
				"1pistons": {
					"position": {
						"0.0": {
							"vector": [0, 0, 0]
						},
						"0.1667": {
							"vector": [1, 1, 0]
						},
						"0.3333": {
							"vector": [0, 0, 0]
						},
						"0.5": {
							"vector": [-1, -1, 0]
						},
						"0.6667": {
							"vector": [0, 0, 0]
						}
					}
				},
				"cart": {
					"rotation": {
						"0.125": {
							"vector": [0, 0, 0]
						},
						"0.2083": {
							"vector": [1.25, -1.25, 0]
						},
						"0.25": {
							"vector": [1.25, 0, 0]
						},
						"0.2917": {
							"vector": [0, 0, 0],
							"easing": "easeOutCubic"
						},
						"0.375": {
							"vector": [0, 0, 0],
							"easing": "easeInCubic"
						},
						"0.4167": {
							"vector": [1.25, 0, 0],
							"easing": "easeInCubic"
						},
						"0.5833": {
							"vector": [1.75, -1.25, 0],
							"easing": "easeInCubic"
						},
						"0.6667": {
							"vector": [0, 0, 0],
							"easing": "easeInCubic"
						}
					},
					"scale": {
						"0.125": {
							"vector": [1, 1, 1]
						},
						"0.2083": {
							"vector": [1, 0.9, 1],
							"easing": "easeInBack"
						},
						"0.2917": {
							"vector": [1, 1, 1],
							"easing": "easeInBounce"
						},
						"0.4167": {
							"vector": [1, 0.9, 1],
							"easing": "easeInBack"
						},
						"0.5": {
							"vector": [1, 1, 1],
							"easing": "easeInBounce"
						},
						"0.5833": {
							"vector": [1, 0.9, 1],
							"easing": "easeInBack"
						},
						"0.6667": {
							"vector": [1, 1, 1],
							"easing": "easeInBounce"
						}
					}
				},
				"2pistons": {
					"position": {
						"0.0": {
							"vector": [0, 0, 0]
						},
						"0.1667": {
							"vector": [-1, -1, 0]
						},
						"0.3333": {
							"vector": [0, 0, 0]
						},
						"0.5": {
							"vector": [1, 1, 0]
						},
						"0.6667": {
							"vector": [0, 0, 0]
						}
					}
				},
				"3pistons": {
					"position": {
						"0.0": {
							"vector": [0, 0, 0]
						},
						"0.1667": {
							"vector": [1, -1, 0]
						},
						"0.3333": {
							"vector": [0, 0, 0]
						},
						"0.5": {
							"vector": [-1, 1, 0]
						},
						"0.6667": {
							"vector": [0, 0, 0]
						}
					}
				},
				"4pistons": {
					"position": {
						"0.0": {
							"vector": [0, 0, 0]
						},
						"0.1667": {
							"vector": [-1, 1, 0]
						},
						"0.3333": {
							"vector": [0, 0, 0]
						},
						"0.5": {
							"vector": [1, -1, 0]
						},
						"0.6667": {
							"vector": [0, 0, 0]
						}
					}
				}
			}
		}
	},
	"geckolib_format_version": 2
}